{"cameraMode":{"drawMode":0,"name":"Shaded","section":"Shading Mode"},"sceneLighting":true,"audioPlay":false,"sceneViewState":{"showFog":true,"showMaterialUpdate":false,"showSkybox":true,"showFlares":true,"showImageEffects":true,"showParticleSystems":true},"in2DMode":false,"pivot":{"x":0.552978515625,"y":-1.06396484375,"z":-6.90087890625},"rotation":{"x":-0.05097227916121483,"y":0.01557228621095419,"z":-0.0007940271170809865,"w":-0.9985876083374023},"size":4.470968246459961,"orthographic":true}